Trigger,Response,Intent
I'm not interested , I completely understand where you're coming from Many people initially feel they don't need this coverage but we've seen countless families face financial hardship without a plan in place You have an opportunity today to explore your options with no obligation Would you be open to speaking with our agent for a quick no-cost quote?,Rebuttal
I don't think I need this ,I hear you   It's common to feel that way but many regret not planning for final expenses when it could have eased their family's burden Our agent can provide a free quote to see if it fits your needs Would you mind discussing it with them?,Rebuttal
I have no interest in this ,I respect that   A lot of folks feel the same at first but we've seen how unexpected costs can strain families There's no cost or commitment to get a quote Would you consider a quick chat with our agent to explore your options?,Rebuttal
I'm not sure I'm interested ,I understand your hesitation   Many people aren't sure until they see how affordable coverage can be Without it families often face heavy financial stress Can our agent share a no-obligation quote to help you decide?,Rebuttal
This isn't for me ,I totally get that   It's easy to feel this way initially but we've seen millions struggle financially without a plan Let's take a moment to get a free quote from our agent—no pressure at all Would that be okay?,Rebuttal
I don't want insurance right now ,I hear you   Timing is important but many families wish they'd acted sooner to avoid financial burdens Our agent can offer a no-cost quote to see if it makes sense Would you be open to that?,Rebuttal
I'm good thanks ,I appreciate that   Many people feel set until they realize the impact final expenses can have on loved ones There's no obligation to explore a quote with our agent Would you consider a quick conversation?,Rebuttal
I don't see the point ,I understand   It's common to question the need but without coverage families often face unexpected costs Our agent can provide a free quote to clarify if it's right for you Would you be okay with that?,Rebuttal
I'm not ready for this ,I respect that   Many feel unready at first but planning now can save your family from financial strain later There's no cost to get a quote Would you mind talking to our agent to see your options?,Rebuttal
I don't think this is necessary ,I hear you   A lot of people feel that way but we've seen how final expenses can burden families Our agent can share a no-obligation quote to help you decide Would that be alright?,Rebuttal
I'm not looking for insurance ,I completely understand   Many folks aren't actively looking but a plan can prevent financial hardship for your family Would you be open to a quick no-cost quote from our agent?,Rebuttal
I don't want to deal with this now ,I get that   Timing can feel off but we've seen families struggle without coverage There's no obligation to explore a quote with our agent Would you consider a brief chat?,Rebuttal
I'm too busy for this ,I understand you're busy   Planning now can save your family from future financial stress Our agent can provide a quick quote with no commitment Would that be okay?,Rebuttal
I don't trust these plans ,I appreciate your caution   Many feel skeptical but our state-approved plans are designed to protect families A no-obligation quote from our agent can clarify things Would you be open to that?,Rebuttal
I'm not sure about this ,I hear your uncertainty   It's common to have doubts but without a plan families often face heavy costs Would you mind if our agent shares a free quote to help you decide?,Rebuttal
I don't need this right now ,I respect that   Many feel they don't need it until unexpected expenses hit their families A quick no-cost quote from our agent might help Would you consider it?,Rebuttal
I'm not convinced ,I understand   It's normal to need more information We've seen how coverage prevents financial strain for families Would you be okay with a no-obligation quote from our agent?,Rebuttal
This doesn't interest me ,I hear you   Many people feel that way at first but final expenses can be a big burden without a plan Our agent can offer a free quote with no pressure Would that be alright?,Rebuttal
I'm not in the market for this ,I get that   A lot of folks aren't shopping for insurance but planning now can protect your family Would you consider a quick no-cost quote from our agent?,Rebuttal
I don't want to talk about this ,I respect your feelings   This can be a tough topic but it's helped many families avoid financial hardship A no-obligation quote might help Would you be open to speaking with our agent?,Rebuttal
I already have insurance ,That's great to hear  ! Many people have some coverage but find gaps in final expense plans Our agent can offer a free quote to compare Would you consider that?,Rebuttal
I can't afford it ,I understand budget concerns   Our plans are designed for fixed incomes and we've seen families struggle without them Would you be open to a no-cost quote to see what fits?,Rebuttal
I don't like insurance companies ,I hear your frustration   Many feel that way but our state-approved plans are transparent and help families avoid financial stress Would you consider a free quote from our agent?,Rebuttal
I'm not sure I want to commit ,I respect that   It's wise to think it over Without a plan families can face big expenses Our agent can provide a no-obligation quote Would that be okay?,Rebuttal
I don't know enough about this ,I understand   It's normal to want more details Our plans prevent financial burdens for families Would you be open to a quick no-cost quote from our agent?,Rebuttal
I'm not comfortable with this ,I hear you   This can feel overwhelming but coverage helps families avoid financial strain Our agent can explain with no obligation Would you consider speaking with them?,Rebuttal
I don't want to be pressured ,I completely respect that   There's no pressure here—many families benefit from planning ahead Would you be okay with a no-cost quote from our agent?,Rebuttal
I'm happy with what I have ,That's great  ! It's smart to plan but final expenses can still surprise families Our agent can offer a free quote to compare Would you consider that?,Rebuttal
I don't see the value ,I understand   Many don't see the need until costs hit their families A no-obligation quote can show the value Would you be open to speaking with our agent?,Rebuttal
I'm not sure this is worth it ,I hear your concern   It's common to question but without coverage families face financial hardship Would you consider a free quote to explore your options?,Rebuttal
I don't have time for this ,I respect your time   A quick quote can help protect your family from future costs with no obligation Would you be okay with a brief chat with our agent?,Rebuttal
I'm not interested in talking ,I understand   This can feel like a lot but planning now can save your family stress Our agent can provide a no-cost quote Would you consider it?,Rebuttal
I don't think this applies to me ,I hear you   Many feel that way but final expenses affect most families A free quote can clarify if it fits Would you be open to speaking with our agent?,Rebuttal
I'm not ready to decide ,I respect that   It's wise to take your time Our plans help families avoid financial burdens Would you consider a no-obligation quote from our agent?,Rebuttal
I don't want to think about this ,I understand it's a tough topic   Many avoid it but planning now helps your family later Would you be okay with a free quote from our agent?,Rebuttal
I'm not sure I trust this ,I appreciate your caution   Our state-approved plans are designed to protect families A no-obligation quote can clarify things Would you consider speaking with our agent?,Rebuttal
I don't need insurance ,I hear you   Many feel that way but unexpected costs can burden families Our agent can offer a free quote with no pressure Would that be alright?,Rebuttal
I'm not interested in buying anything ,I respect that   There's no obligation to buy—just explore Without a plan families can struggle Would you consider a quick quote from our agent?,Rebuttal
I don't know if I'm the right person for this ,I understand   Many wonder if it's right for them but our plans are tailored to help A free quote can clarify Would you be open to speaking with our agent?,Rebuttal
I'm not sure this is a good idea ,I hear your concern   It's normal to have doubts but coverage prevents financial stress for families Would you consider a no-cost quote from our agent?,Rebuttal
I don't want to spend money on this ,I understand budget concerns   Our plans are affordable and families regret not planning Would you be okay with a free quote to see what fits?,Rebuttal
I'm not interested in discussing this ,I respect your feelings   This can be a tough topic but a plan helps families avoid costs Would you consider a quick no-obligation quote?,Rebuttal
I don't think I'm ready ,I hear you   Many aren't ready until they see the impact on families Our agent can provide a free quote with no pressure Would that be okay?,Rebuttal
I don't want to commit to anything ,I completely understand   There's no commitment—just information Families often face burdens without plans Would you consider a quote from our agent?,Rebuttal
I'm not sure what this is about ,I appreciate that   Our plans cover final expenses to protect families A no-obligation quote can clarify Would you be open to speaking with our agent?,Rebuttal
I don't feel like talking about insurance ,I understand   It's not always easy to discuss but planning helps families avoid stress Would you consider a quick no-cost quote from our agent?,Rebuttal
I'm not sure I can afford it ,I hear your concern   Our plans are designed for fixed incomes and a quote is free Would you be okay with speaking to our agent to explore options?,Rebuttal
I don't want to be sold anything ,I respect that   There's no pressure to buy—just information to protect your family Would you consider a no-obligation quote from our agent?,Rebuttal
I'm not interested in planning for this ,I understand   Many avoid planning but it can save families from financial strain Would you be open to a free quote to see if it makes sense?,Rebuttal
I don't think this is the right time ,I hear you   Timing matters but planning now can ease future burdens Our agent can offer a no-cost quote Would you consider speaking with them?,Rebuttal
I already have insurance.,  that's great to hear It's smart to plan ahead. However funeral costs have risen significantly and adding coverage or comparing plans could save you money. Our agent can provide a no-obligation quote for an apple-to-apple comparison. Would you be open to discussing this with them?,Rebuttal
I have a policy already.,I'm glad you're covered   Funeral expenses have increased over time so adding a plan or comparing your current one might be beneficial. Our agent can offer a free quote to see what fits best. Would that be okay?,Rebuttal
I'm covered with insurance.,That's excellent   With funeral costs rising it's wise to review your coverage. Our agent can provide a no-cost quote to compare or add to your plan. Would you consider speaking with them?,Rebuttal
I've got insurance through work.,That's a great start   Work policies may not cover rising funeral costs fully. Our agent can offer a free quote to compare or supplement your coverage. Would you be open to a quick chat?,Rebuttal
I already have a life insurance policy.,I appreciate that   Funeral expenses have gone up so it's worth checking if your policy covers everything. Our agent can provide a no-obligation quote for comparison. Would that be alright?,Rebuttal
My insurance is taken care of.,It's great you've planned ahead   With funeral costs increasing adding coverage might help. Our agent can show you a comparable plan with no obligation. Would you consider discussing it?,Rebuttal
I have coverage through another company.,That's smart   Since funeral costs are rising comparing your plan or adding coverage could be wise. Our agent can offer a free quote for an apple-to-apple comparison. Would you be okay with that?,Rebuttal
I'm already insured elsewhere.,I'm glad you're covered   Funeral expenses have climbed so reviewing your plan might save you money. Our agent can provide a no-cost quote to compare. Would you consider speaking with them?,Rebuttal
I don't need more insurance; I have some.,That's a good step   With rising funeral costs additional coverage might be helpful. Our agent can offer a free quote to see if it makes sense. Would that be okay?,Rebuttal
I've already got a plan in place.,It's great you're prepared   Funeral costs are increasing so comparing or adding coverage could benefit you. Our agent can provide a no-obligation quote. Would you be open to that?,Rebuttal
I have an existing insurance plan.,That's wonderful   With funeral expenses going up it's smart to review your coverage. Our agent can offer a free quote for comparison. Would you consider a quick chat?,Rebuttal
My family has me covered.,That's great to hear   Rising funeral costs can still be a burden so a comparison might help. Our agent can provide a no-cost quote to review your options. Would that be alright?,Rebuttal
I'm set with my current insurance.,I'm glad you're covered   Funeral costs have risen so adding or comparing coverage could save money. Would you be open to a no-obligation quote from our agent?,Rebuttal
I already have a policy with someone else.,That's a smart move   With funeral expenses increasing a quick comparison might be worthwhile. Our agent can offer a free quote with no obligation. Would you consider it?,Rebuttal
I've got enough insurance already.,It's great you've planned   Funeral costs are climbing so reviewing your coverage could help. Our agent can provide a no-cost quote to compare. Would that be okay?,Rebuttal
I'm covered by my existing plan.,That's excellent   With rising funeral costs additional coverage might be worth considering. Our agent can offer a free quote for comparison. Would you be open to speaking with them?,Rebuttal
I have insurance through my bank.,That's a good start   Funeral expenses have gone up so comparing your plan could save you money. Our agent can provide a no-obligation quote. Would you consider a quick chat?,Rebuttal
My current policy covers me.,I'm glad you're prepared   With funeral costs increasing a review might show gaps. Our agent can offer a free quote to compare or add coverage. Would that be alright?,Rebuttal
I don't need more; I'm insured.,It's great you've got coverage   Funeral costs are rising so a comparison could help. Our agent can provide a no-cost quote with no obligation. Would you consider it?,Rebuttal
I have a plan through my employer.,That's smart   Employer plans may not cover all funeral costs which are increasing. Our agent can offer a free quote to compare. Would you be open to speaking with them?,Rebuttal
I'm already covered by another provider.,I appreciate that   With funeral expenses on the rise comparing plans could be beneficial. Our agent can provide a no-obligation quote. Would that be okay?,Rebuttal
I have life insurance already.,That's great   Funeral costs have gone up so adding or comparing coverage might help. Our agent can offer a free quote for an apple-to-apple comparison. Would you consider it?,Rebuttal
I think I'm covered enough.,I hear you   With rising funeral costs it's worth reviewing your coverage. Our agent can provide a no-cost quote to see if it makes sense. Would that be alright?,Rebuttal
My insurance should be sufficient.,That's a good step   Funeral expenses are increasing so a comparison could save money. Our agent can offer a free quote with no obligation. Would you be open to that?,Rebuttal
I've got a policy that covers this.,It's great you're covered   With funeral costs climbing additional coverage might help. Our agent can provide a no-cost quote to compare. Would you consider speaking with them?,Rebuttal
I already have something set up.,That's smart planning   Funeral costs are rising so reviewing your plan could be wise. Our agent can offer a free quote for comparison. Would that be okay?,Rebuttal
My current plan is fine.,I'm glad you're set   With increasing funeral expenses a quick comparison might help. Our agent can provide a no-obligation quote. Would you be open to a chat?,Rebuttal
I have coverage through my union.,That's great   Union plans may not cover rising funeral costs fully. Our agent can offer a free quote to compare or add coverage. Would you consider speaking with them?,Rebuttal
I'm insured through another company.,I appreciate that   Funeral costs are going up so comparing plans could save you money. Our agent can provide a no-cost quote with no obligation. Would that be alright?,Rebuttal
I already have a funeral plan.,That's excellent   With funeral expenses increasing a review might show gaps. Our agent can offer a free quote to compare. Would you be open to discussing it?,Rebuttal
I have insurance with my retirement plan.,That's a great start   Retirement plans may not cover all funeral costs which are rising. Our agent can offer a no-cost quote to compare. Would you consider a quick chat?,Rebuttal
I'm covered through my spouse's plan.,It's great you're covered   Funeral costs are climbing so additional coverage might help. Our agent can provide a no-obligation quote. Would that be okay?,Rebuttal
I have a policy that should cover this.,I'm glad you're prepared   With rising funeral expenses a comparison could be beneficial. Our agent can offer a free quote to review your options. Would you consider it?,Rebuttal
I don't need more coverage; I'm set.,That's smart   Funeral costs are increasing so reviewing your plan might save money. Our agent can provide a no-cost quote for comparison. Would you be open to that?,Rebuttal
My insurance company covers me.,I appreciate that   With funeral costs on the rise comparing plans could help. Our agent can offer a free quote with no obligation. Would you consider speaking with them?,Rebuttal
I have a plan through my financial advisor.,That's great planning   Funeral expenses are increasing so a review might be wise. Our agent can offer a no-cost quote to compare. Would that be alright?,Rebuttal
I'm insured through my church group.,That's wonderful   Group plans may not cover rising funeral costs fully. Our agent can provide a free quote to compare or add coverage. Would you consider a chat?,Rebuttal
I already have a burial plan.,I'm glad you're covered   With funeral costs climbing additional coverage might help. Our agent can offer a no-obligation quote. Would you be open to discussing it?,Rebuttal
I have insurance through my credit union.,That's a great step   Credit union plans may not cover all funeral expenses which are rising. Our agent can offer a free quote to compare. Would you consider speaking with them?,Rebuttal
I'm covered by my current provider.,It's great you're set   Funeral costs are increasing so a comparison could save money. Our agent can provide a no-cost quote with no obligation. Would that be okay?,Rebuttal
I have a policy from years ago.,That's smart   Older policies may not cover today's funeral costs. Our agent can offer a free quote to compare or update your coverage. Would you consider a quick chat?,Rebuttal
I'm insured through my pension plan.,That's excellent   Pension plans may not fully cover rising funeral costs. Our agent can provide a no-obligation quote to compare. Would you be open to discussing it?,Rebuttal
I have coverage through my family plan.,I'm glad you're covered   Family plans may not address rising funeral costs. Our agent can offer a free quote to compare or add coverage. Would you consider speaking with them?,Rebuttal
I already have a life insurance plan.,That's great planning   With funeral expenses increasing a review might help. Our agent can provide a no-cost quote for comparison. Would that be alright?,Rebuttal
I'm set with my existing coverage.,I appreciate that   Funeral costs are rising so comparing or adding coverage could be wise. Our agent can offer a free quote with no obligation. Would you consider it?,Rebuttal
I have insurance through my association.,That's a good step   Association plans may not cover all funeral costs which are increasing. Our agent can offer a no-cost quote to compare. Would you be open to a chat?,Rebuttal
I'm already covered for this.,It's great you're prepared   With rising funeral expenses a review might show gaps. Our agent can provide a no-obligation quote. Would you consider speaking with them?,Rebuttal
My current insurance is enough.,I hear you   Funeral costs are climbing so comparing plans could save money. Our agent can offer a free quote with no obligation. Would that be okay?,Rebuttal
I have a policy that covers my needs.,That's excellent   With funeral expenses on the rise additional coverage might help. Our agent can provide a no-cost quote to compare. Would you consider a quick chat?,Rebuttal
I'm insured through another plan.,I'm glad you're covered   Funeral costs are increasing so a comparison could be beneficial. Our agent can offer a no-obligation quote. Would you be open to discussing it?,Rebuttal
Not right now.,  I completely understand that timing is important. That's why we're here—no payment is needed now just a free quote to explore your options. You can decide with our agent what works best in the next 30 days. Would you be open to a quick chat with them?,Rebuttal
I'm too busy now.,I hear you  . We don't need you to commit today—just a quick quote with no cost. Our agent can work with you to find a good time in the next 30 days. Would that be okay?,Rebuttal
Maybe later.,I respect that  . You don't have to pay now; we can provide a no-obligation quote. You can decide within the next 30 days if it makes sense. Would you consider speaking with our agent?,Rebuttal
This isn't a good time.,I understand  . There's no need to pay today—we're just offering a free quote. You can talk with our agent about starting in the next 30 days. Would that be alright?,Rebuttal
I can't deal with this now.,I get that  . Timing can be tough so we're offering a no-cost quote with no commitment. You can decide with our agent in the next 30 days. Would you be open to a quick chat?,Rebuttal
I'll think about it later.,I appreciate that  . You don't need to decide today—just get a free quote. Our agent can help you plan for the next 30 days with no obligation. Would you consider speaking with them?,Rebuttal
Now's not the best time.,I hear you  . We're not asking for payment now just offering a no-obligation quote. You can decide what works in the next 30 days. Would you be okay with talking to our agent?,Rebuttal
I'm not ready yet.,I respect your timing  . There's no cost or commitment today—just a quote. Our agent can discuss options for the next 30 days. Would you be open to a quick conversation?,Rebuttal
I need more time.,I completely understand  . You don't have to pay now; we can provide a free quote to review at your pace. Would you consider talking with our agent about starting in the next 30 days?,Rebuttal
I'm not available now.,I get that you're busy  . There's no payment needed today—just a no-obligation quote. Our agent can work with you in the next 30 days. Would that be alright?,Rebuttal
This is bad timing.,I understand  . We're not asking for a commitment now just offering a free quote. You can decide with our agent in the next 30 days. Would you consider a quick chat?,Rebuttal
I can't talk about this now.,I hear you  . Timing can be challenging so we're offering a no-cost quote with no pressure. Would you be open to discussing options with our agent in the next 30 days?,Rebuttal
I'm not in the mood for this.,I respect how you feel  . You don't need to pay or decide today—just get a free quote. Our agent can help you plan for the next 30 days. Would that be okay?,Rebuttal
I'll deal with this later.,I appreciate that  . There's no cost to get a quote now and you can decide in the next 30 days. Would you be open to a quick conversation with our agent?,Rebuttal
I'm too busy to think about this.,I understand you're busy  . We're just offering a no-obligation quote—no payment needed now. You can talk with our agent about starting in the next 30 days. Would that be alright?,Rebuttal
I don't have time right now.,I get that  . There's no need to commit today—just a free quote. Our agent can work with your schedule in the next 30 days. Would you consider speaking with them?,Rebuttal
I'm not prepared for this now.,I hear you  . You don't have to pay or decide now; we're offering a no-cost quote. Would you be open to discussing options with our agent in the next 30 days?,Rebuttal
I'd rather wait.,I respect that  . There's no payment needed today—just a quote to explore. You can decide with our agent in the next 30 days. Would that be okay?,Rebuttal
This isn't the right moment.,I understand timing matters  . We're not asking for payment now just offering a free quote. Would you consider talking with our agent about starting in the next 30 days?,Rebuttal
I'm not ready to discuss this.,I appreciate your position  . You don't need to commit today—just get a no-obligation quote. Our agent can help plan for the next 30 days. Would you be open to a chat?,Rebuttal
I'm too occupied now.,I hear you  . We're just offering a free quote with no cost or commitment. You can decide with our agent in the next 30 days. Would that be alright?,Rebuttal
I can't focus on this now.,I get that  . There's no need to pay now—just a no-cost quote. Our agent can discuss options for the next 30 days. Would you consider speaking with them?,Rebuttal
I'll look into this later.,I respect your timing  . You don't have to decide today; we're offering a free quote. Would you be open to a quick chat with our agent in the next 30 days?,Rebuttal
I'm not free right now.,I understand you're busy  . There's no payment or commitment needed now—just a quote. Our agent can work with you in the next 30 days. Would that be okay?,Rebuttal
This isn't a priority now.,I hear you  . We're not asking for payment today just offering a no-obligation quote. You can decide in the next 30 days. Would you consider talking to our agent?,Rebuttal
I'm not in a position to do this now.,I appreciate that  . You don't need to pay or commit now—just get a free quote. Would you be open to discussing options with our agent in the next 30 days?,Rebuttal
I have too much going on.,I get that  . We're just offering a no-cost quote with no pressure. Our agent can help you plan for the next 30 days. Would you consider a quick conversation?,Rebuttal
I'll handle this another time.,I respect your schedule  . There's no cost to get a quote now and you can decide in the next 30 days. Would you be okay with speaking to our agent?,Rebuttal
I'm not interested at the moment.,I understand  . You don't need to pay today—just explore a free quote. Our agent can discuss what works in the next 30 days. Would that be alright?,Rebuttal
I can't commit right now.,I hear you  . There's no commitment needed now just a no-obligation quote. Would you consider talking with our agent about starting in the next 30 days?,Rebuttal
I'm not ready to talk about this.,I respect that  . We're not asking for payment—just a free quote. You can decide with our agent in the next 30 days. Would you be open to a chat?,Rebuttal
I have other things to deal with.,I understand you're busy  . There's no cost or commitment today—just a quote. Would you consider speaking with our agent in the next 30 days?,Rebuttal
I'll get to this later.,I appreciate that  . You don't need to decide now; we're offering a no-cost quote. Our agent can help plan for the next 30 days. Would that be okay?,Rebuttal
I'm not available at this time.,I hear you  . There's no payment needed now—just a free quote. Would you be open to discussing options with our agent in the next 30 days?,Rebuttal
I can't think about this now.,I get that  . We're not asking for a commitment today just offering a no-obligation quote. Would you consider a quick chat with our agent in the next 30 days?,Rebuttal
I'm too swamped right now.,I respect your schedule  . You don't need to pay now—just get a free quote. Our agent can work with you in the next 30 days. Would that be alright?,Rebuttal
I don't have time for this today.,I understand  . There's no cost or commitment needed now—just a quote. Would you be open to speaking with our agent in the next 30 days?,Rebuttal
I'm not ready to make a decision.,I hear you  . You don't need to decide today—just explore a free quote. Our agent can discuss options for the next 30 days. Would you consider that?,Rebuttal
I'll consider it another time.,I appreciate that  . There's no payment needed now just a no-obligation quote. Would you be okay with talking to our agent in the next 30 days?,Rebuttal
I'm too stressed to deal with this.,I understand  . We're not asking for payment or commitment—just a free quote. Our agent can help plan for the next 30 days. Would that be alright?,Rebuttal
I can't handle this right now.,I get that  . There's no need to pay now—just a no-cost quote. Would you consider speaking with our agent about options in the next 30 days?,Rebuttal
I'm not in the right headspace.,I respect how you feel  . You don't need to commit today—just get a free quote. Our agent can discuss what works in the next 30 days. Would that be okay?,Rebuttal
I'll talk about this later.,I hear you  . There's no cost to get a quote now and you can decide in the next 30 days. Would you be open to a quick chat with our agent?,Rebuttal
I'm not free to discuss this.,I understand you're busy  . We're just offering a no-obligation quote—no payment needed. Would you consider talking with our agent in the next 30 days?,Rebuttal
I can't do this today.,I get that  . There's no commitment needed now—just a free quote. Our agent can work with you in the next 30 days. Would that be alright?,Rebuttal
I'm not prepared to talk now.,I respect that  . You don't need to pay or decide today—just get a quote. Would you be open to discussing options with our agent in the next 30 days?,Rebuttal
I have too much on my plate.,I hear you  . We're not asking for payment now just offering a no-cost quote. Would you consider a quick chat with our agent in the next 30 days?,Rebuttal
I'll deal with it another day.,I appreciate your timing  . You don't need to commit today—just explore a free quote. Our agent can help plan for the next 30 days. Would that be okay?,Rebuttal
I'm not ready to think about this.,I understand  . There's no pressure or cost now—just a quote. Would you be open to speaking with our agent about options in the next 30 days?,Rebuttal
This isn't the time for me.,I respect that  . You don't need to pay now; we're offering a no-obligation quote. Would you consider talking with our agent in the next 30 days?,Rebuttal
Where are you calling from?,I'm calling from Senior Benefits which is a division of US Life,Concern
Who are you calling with?,I'm calling from Senior Benefits which is a division of US Life,Concern
What company is this?,I'm calling from Senior Benefits which is a division of US Life,Concern
Who's calling me?,I'm calling from Senior Benefits which is a division of US Life,Concern
Where's this call coming from?,I'm calling from Senior Benefits which is a division of US Life,Concern
What organization are you with?,I'm calling from Senior Benefits which is a division of US Life,Concern
Who is this calling?,I'm calling from Senior Benefits which is a division of US Life,Concern
What's the company you're calling for?,I'm calling from Senior Benefits which is a division of US Life,Concern
Are you with a specific company?,I'm calling from Senior Benefits which is a division of US Life,Concern
Who's this call from?,I'm calling from Senior Benefits which is a division of US Life,Concern
What agency are you calling from?,I'm calling from Senior Benefits which is a division of US Life,Concern
What's the name of your company?,I'm calling from Senior Benefits which is a division of US Life,Concern
Who are you representing?,I'm calling from Senior Benefits which is a division of US Life,Concern
Which company are you with?,I'm calling from Senior Benefits which is a division of US Life,Concern
Are you calling from an insurance company?,I'm calling from Senior Benefits which is a division of US Life,Concern
What group are you calling for?,I'm calling from Senior Benefits which is a division of US Life,Concern
Who's behind this call?,I'm calling from Senior Benefits which is a division of US Life,Concern
What's the organization you're calling from?,I'm calling from Senior Benefits which is a division of US Life,Concern
Are you with Senior Benefits?,I'm calling from Senior Benefits which is a division of US Life,Concern
What company do you represent?,I'm calling from Senior Benefits which is a division of US Life,Concern
Who's this from?,I'm calling from Senior Benefits which is a division of US Life,Concern
What's your company called?,I'm calling from Senior Benefits which is a division of US Life,Concern
Are you calling from a business?,I'm calling from Senior Benefits which is a division of US Life,Concern
Who are you affiliated with?,I'm calling from Senior Benefits which is a division of US Life,Concern
What's the name of your organization?,I'm calling from Senior Benefits which is a division of US Life,Concern
Are you with a legit company?,I'm calling from Senior Benefits which is a division of US Life,Concern
Who's making this call?,I'm calling from Senior Benefits which is a division of US Life,Concern
What firm are you calling from?,I'm calling from Senior Benefits which is a division of US Life,Concern
Are you calling from a specific agency?,I'm calling from Senior Benefits which is a division of US Life,Concern
What's the company behind this call?,I'm calling from Senior Benefits which is a division of US Life,Concern
Who do you work for?,I'm calling from Senior Benefits which is a division of US Life,Concern
What's your organization's name?,I'm calling from Senior Benefits which is a division of US Life,Concern
Are you with a known company?,I'm calling from Senior Benefits which is a division of US Life,Concern
Who's calling from where?,I'm calling from Senior Benefits which is a division of US Life,Concern
What business are you calling with?,I'm calling from Senior Benefits which is a division of US Life,Concern
Are you calling from a corporation?,I'm calling from Senior Benefits which is a division of US Life,Concern
What's the group you're with?,I'm calling from Senior Benefits which is a division of US Life,Concern
Who's this call representing?,I'm calling from Senior Benefits which is a division of US Life,Concern
What's the company you're calling with?,I'm calling from Senior Benefits which is a division of US Life,Concern
Are you part of an insurance group?,I'm calling from Senior Benefits which is a division of US Life,Concern
Who's the company making this call?,I'm calling from Senior Benefits which is a division of US Life,Concern
What's your company's name?,I'm calling from Senior Benefits which is a division of US Life,Concern
Are you calling from a trusted company?,I'm calling from Senior Benefits which is a division of US Life,Concern
Who are you calling on behalf of?,I'm calling from Senior Benefits which is a division of US Life,Concern
What's the name of the business calling?,I'm calling from Senior Benefits which is a division of US Life,Concern
Are you with a specific firm?,I'm calling from Senior Benefits which is a division of US Life,Concern
What organization is this call from?,I'm calling from Senior Benefits which is a division of US Life,Concern
Who's the company you work for?,I'm calling from Senior Benefits which is a division of US Life,Concern
What's the agency behind this call?,I'm calling from Senior Benefits which is a division of US Life,Concern
Are you calling from a real company?,I'm calling from Senior Benefits which is a division of US Life,Concern
Where did you get my number?,We usually get your information through online requests and senior data basis,Concern
How do you have my phone number?,We usually get your information through online requests and senior data basis,Concern
Who gave you my number?,We usually get your information through online requests and senior data basis,Concern
How did you get my contact info?,We usually get your information through online requests and senior data basis,Concern
Where'd you find my number?,We usually get your information through online requests and senior data basis,Concern
How did you get my information?,We usually get your information through online requests and senior data basis,Concern
Who provided you with my number?,We usually get your information through online requests and senior data basis,Concern
How do you know my number?,We usually get your information through online requests and senior data basis,Concern
Where did you get my contact details?,We usually get your information through online requests and senior data basis,Concern
How did you obtain my phone number?,We usually get your information through online requests and senior data basis,Concern
Who shared my number with you?,We usually get your information through online requests and senior data basis,Concern
How did you find my phone number?,We usually get your information through online requests and senior data basis,Concern
Where did my number come from?,We usually get your information through online requests and senior data basis,Concern
How do you have my contact information?,We usually get your information through online requests and senior data basis,Concern
Who gave you my contact details?,We usually get your information through online requests and senior data basis,Concern
How did you get ahold of my number?,We usually get your information through online requests and senior data basis,Concern
Where did you get my personal info?,We usually get your information through online requests and senior data basis,Concern
How did you access my number?,We usually get your information through online requests and senior data basis,Concern
Who gave you permission to call me?,We usually get your information through online requests and senior data basis,Concern
How did you come by my number?,We usually get your information through online requests and senior data basis,Concern
Where did you find my contact info?,We usually get your information through online requests and senior data basis,Concern
How do you have my details?,We usually get your information through online requests and senior data basis,Concern
Who supplied you with my number?,We usually get your information through online requests and senior data basis,Concern
How did you get my phone details?,We usually get your information through online requests and senior data basis,Concern
Where did you get my information from?,We usually get your information through online requests and senior data basis,Concern
How did you know to call me?,We usually get your information through online requests and senior data basis,Concern
Who gave you my phone number?,We usually get your information through online requests and senior data basis,Concern
How did you get my personal information?,We usually get your information through online requests and senior data basis,Concern
Where did you obtain my number?,We usually get your information through online requests and senior data basis,Concern
How do you know my contact info?,We usually get your information through online requests and senior data basis,Concern
Who provided my contact information?,We usually get your information through online requests and senior data basis,Concern
How did you get my cell number?,We usually get your information through online requests and senior data basis,Concern
Where did you source my number?,We usually get your information through online requests and senior data basis,Concern
How did you find out my number?,We usually get your information through online requests and senior data basis,Concern
Who gave you access to my number?,We usually get your information through online requests and senior data basis,Concern
How did you get my contact number?,We usually get your information through online requests and senior data basis,Concern
Where did you get my phone number from?,We usually get your information through online requests and senior data basis,Concern
How do you have my personal number?,We usually get your information through online requests and senior data basis,Concern
Who shared my contact info with you?,We usually get your information through online requests and senior data basis,Concern
How did you come across my number?,We usually get your information through online requests and senior data basis,Concern
Where did my contact details come from?,We usually get your information through online requests and senior data basis,Concern
How did you acquire my phone number?,We usually get your information through online requests and senior data basis,Concern
Who gave you my personal info?,We usually get your information through online requests and senior data basis,Concern
How did you get my phone contact?,We usually get your information through online requests and senior data basis,Concern
Where did you get my details?,We usually get your information through online requests and senior data basis,Concern
How do you have access to my number?,We usually get your information through online requests and senior data basis,Concern
Who provided you with my details?,We usually get your information through online requests and senior data basis,Concern
How did you know my phone number?,We usually get your information through online requests and senior data basis,Concern
Where did you get my contact information?,We usually get your information through online requests and senior data basis,Concern
How did you obtain my contact details?,We usually get your information through online requests and senior data basis,Concern
Where are you located?,We're located in Clear Water Florida,Concern
Where's your company based?,We're located in Clear Water Florida,Concern
Where are you calling from?,We're located in Clear Water Florida,Concern
What's your company's location?,We're located in Clear Water Florida,Concern
Where is your office located?,We're located in Clear Water Florida,Concern
Are you based in the U.S.?,We're located in Clear Water Florida,Concern
Where's your headquarters?,We're located in Clear Water Florida,Concern
What city are you in?,We're located in Clear Water Florida,Concern
Where's Senior Benefits located?,We're located in Clear Water Florida,Concern
Are you a local company?,We're located in Clear Water Florida,Concern
Where is your business located?,We're located in Clear Water Florida,Concern
What state are you calling from?,We're located in Clear Water Florida,Concern
Where are your offices?,We're located in Clear Water Florida,Concern
Are you based nearby?,We're located in Clear Water Florida,Concern
What's the address of your company?,We're located in Clear Water Florida,Concern
Where do you operate from?,We're located in Clear Water Florida,Concern
Are you in Florida?,We're located in Clear Water Florida,Concern
Where's your main office?,We're located in Clear Water Florida,Concern
What's your company's home base?,We're located in Clear Water Florida,Concern
Are you a Florida company?,We're located in Clear Water Florida,Concern
Where is your company situated?,We're located in Clear Water Florida,Concern
Are you calling from out of state?,We're located in Clear Water Florida,Concern
Where's your agency located?,We're located in Clear Water Florida,Concern
What's the location of your business?,We're located in Clear Water Florida,Concern
Are you based locally or elsewhere?,We're located in Clear Water Florida,Concern
Where are you guys located?,We're located in Clear Water Florida,Concern
What's your office's location?,We're located in Clear Water Florida,Concern
Are you in the same state as me?,We're located in Clear Water Florida,Concern
Where is Senior Benefits based?,We're located in Clear Water Florida,Concern
Are you a national company?,We're located in Clear Water Florida,Concern
Where's your company's office?,We're located in Clear Water Florida,Concern
Are you calling from Florida?,We're located in Clear Water Florida,Concern
Where do you have your offices?,We're located in Clear Water Florida,Concern
What's the city you're based in?,We're located in Clear Water Florida,Concern
Are you a local business?,We're located in Clear Water Florida,Concern
Where's your company's headquarters?,We're located in Clear Water Florida,Concern
Are you based in the Southeast?,We're located in Clear Water Florida,Concern
What's your physical address?,We're located in Clear Water Florida,Concern
Where are you situated?,We're located in Clear Water Florida,Concern
Are you a regional company?,We're located in Clear Water Florida,Concern
Where's your office at?,We're located in Clear Water Florida,Concern
Are you calling from out of town?,We're located in Clear Water Florida,Concern
What state is your company in?,We're located in Clear Water Florida,Concern
Where is your agency based?,We're located in Clear Water Florida,Concern
Are you in a different state?,We're located in Clear Water Florida,Concern
What's your company's city?,We're located in Clear Water Florida,Concern
Are you based in my area?,We're located in Clear Water Florida,Concern
Where do you run your business from?,We're located in Clear Water Florida,Concern
What's the location of your office?,We're located in Clear Water Florida,Concern
Are you a Florida-based company?,We're located in Clear Water Florida,Concern
I want the rates.,"Please stay on the line, I'm getting our specialist to join us and explain the rates, discounts, and benefits of our final expense insurance. I'll be right back shortly, so please don't hang up.",Transfer Line
Can you tell me about the costs?,"Hang on just a moment, I'm bringing in our specialist to go over the pricing, discounts, and benefits of final expense insurance. Please don't hang up; I'll be back in a few seconds.",Transfer Line
How much is this going to cost?,"Please hold on, I'm connecting you with our specialist who can detail the rates, discounts, and benefits of our final expense plan. I'll be right back, so please stay on the line.",Transfer Line
What are the prices?,"Stay with me, I'm bringing our specialist on to discuss the costs, discounts, and benefits of our final expense insurance. I'll be back quickly, so please don't hang up.",Transfer Line
Can you give me more details?,"Just a moment, I'm getting our specialist to join the call and provide details on pricing, discounts, and benefits for final expense insurance. Please hold on; I'll be right back.",Transfer Line
Tell me about the rates.,"Please stay on the line, I'm fetching our specialist to explain the rates, discounts, and benefits of our final expense plan. I'll be back shortly, so please don't hang up.",Transfer Line
What's the cost of this insurance?,"Hang on, I'm bringing in our specialist to go over the costs, discounts, and benefits of final expense insurance. Please stay on; I'll be right back in a moment.",Transfer Line
Can you share the pricing?,"Please hold on, I'm getting our specialist to join us and discuss the pricing, discounts, and benefits of our final expense plan. I'll be back quickly, so don't hang up.",Transfer Line
I need more information about this.,"Stay with me, I'm connecting with our specialist to provide details on rates, discounts, and benefits for final expense insurance. Please don't hang up; I'll be right back.",Transfer Line
How much does it cost?,"Just a second, I'm bringing our specialist on to explain the costs, discounts, and benefits of our final expense insurance. Please hold on; I'll be back shortly.",Transfer Line
What's included in the plan?,"Please stay on the line, I'm getting our specialist to join and go over the plan details, rates, and discounts for final expense insurance. I'll be right back, so don't hang up.",Transfer Line
Can you tell me the price?,"Hang on a moment, I'm fetching our specialist to discuss the pricing, discounts, and benefits of our final expense plan. Please stay on; I'll be back in a few seconds.",Transfer Line
I want to know the rates.,"Please hold on, I'm bringing in our specialist to explain the rates, discounts, and benefits of final expense insurance. I'll be right back, so please don't hang up.",Transfer Line
What's the cost breakdown?,"Stay with me, I'm connecting with our specialist to go over the cost details, discounts, and benefits of our final expense plan. Please hold on; I'll be back shortly.",Transfer Line
Can you give me more info on this?,"Just a moment, I'm getting our specialist to join the call and provide more details on rates, discounts, and benefits. Please don't hang up; I'll be right back.",Transfer Line
How much is the insurance?,"Please stay on the line, I'm fetching our specialist to discuss the costs, discounts, and benefits of our final expense insurance. I'll be back quickly, so don't hang up.",Transfer Line
What are the plan details?,"Hang on, I'm bringing our specialist on to explain the plan details, rates, and discounts for final expense insurance. Please stay on; I'll be right back.",Transfer Line
Can you tell me about the pricing?,"Please hold on, I'm connecting with our specialist to go over the pricing, discounts, and benefits of our final expense plan. I'll be back shortly, so don't hang up.",Transfer Line
I need the rates and details.,"Stay with me, I'm getting our specialist to join us and discuss the rates, discounts, and benefits of final expense insurance. Please don't hang up; I'll be right back.",Transfer Line
What's the price of the policy?,"Just a second, I'm bringing in our specialist to explain the policy costs, discounts, and benefits. Please hold on; I'll be back in a moment.",Transfer Line
Can you explain the costs?,"Please stay on the line, I'm fetching our specialist to go over the costs, discounts, and benefits of our final expense plan. I'll be right back, so don't hang up.",Transfer Line
I want more details on the plan.,"Hang on a moment, I'm connecting with our specialist to provide details on the plan, rates, and discounts. Please stay on; I'll be back shortly.",Transfer Line
How much will this cost me?,"Please hold on, I'm getting our specialist to join the call and discuss the costs, discounts, and benefits of final expense insurance. I'll be right back, so don't hang up.",Transfer Line
Can you give me the rates?,"Stay with me, I'm bringing in our specialist to explain the rates, discounts, and benefits of our final expense plan. Please don't hang up; I'll be back in a few seconds.",Transfer Line
What's the pricing like?,"Just a moment, I'm fetching our specialist to go over the pricing, discounts, and benefits of final expense insurance. Please hold on; I'll be right back.",Transfer Line
I need more info on the policy.,"Please stay on the line, I'm connecting with our specialist to provide details on the policy, rates, and discounts. I'll be back shortly, so don't hang up.",Transfer Line
Can you tell me the cost details?,"Hang on, I'm getting our specialist to join us and explain the cost details, discounts, and benefits of our final expense plan. Please stay on; I'll be right back.",Transfer Line
What are the benefits of this plan?,"Please hold on, I'm bringing in our specialist to discuss the benefits, rates, and discounts of final expense insurance. I'll be back quickly, so don't hang up.",Transfer Line
How much is the coverage?,"Stay with me, I'm fetching our specialist to go over the coverage costs, discounts, and benefits. Please don't hang up; I'll be right back in a moment.",Transfer Line
Can you share more about the plan?,"Just a second, I'm connecting with our specialist to provide more details on the plan, rates, and discounts. Please hold on; I'll be back shortly.",Transfer Line
What's the cost for this?,"Please stay on the line, I'm getting our specialist to join the call and explain the costs, discounts, and benefits of our final expense insurance. I'll be right back, so don't hang up.",Transfer Line
I want to know more about the rates.,"Hang on a moment, I'm bringing in our specialist to discuss the rates, discounts, and benefits of final expense insurance. Please stay on; I'll be back quickly.",Transfer Line
Can you tell me about the discounts?,"Please hold on, I'm fetching our specialist to go over the discounts, rates, and benefits of our final expense plan. I'll be right back, so don't hang up.",Transfer Line
What's the price range?,"Stay with me, I'm connecting with our specialist to explain the price range, discounts, and benefits of final expense insurance. Please don't hang up; I'll be back shortly.",Transfer Line
I need details on the coverage.,"Just a moment, I'm getting our specialist to join us and provide details on the coverage, rates, and discounts. Please hold on; I'll be right back.",Transfer Line
Can you give me a price quote?,"Please stay on the line, I'm bringing in our specialist to discuss the price quote, discounts, and benefits of our final expense plan. I'll be back quickly, so don't hang up.",Transfer Line
What are the policy rates?,"Hang on, I'm fetching our specialist to go over the policy rates, discounts, and benefits. Please stay on; I'll be right back in a moment.",Transfer Line
Can you explain the plan benefits?,"Please hold on, I'm connecting with our specialist to explain the benefits, rates, and discounts of final expense insurance. I'll be back shortly, so don't hang up.",Transfer Line
How much is the premium?,"Stay with me, I'm getting our specialist to join the call and discuss the premiums, discounts, and benefits of our final expense plan. Please don't hang up; I'll be right back.",Transfer Line
What's the cost of the plan?,"Just a second, I'm bringing in our specialist to go over the plan costs, discounts, and benefits. Please hold on; I'll be back quickly.",Transfer Line
Can you tell me more about the policy?,"Please stay on the line, I'm fetching our specialist to provide more details on the policy, rates, and discounts. I'll be right back, so don't hang up.",Transfer Line
I want to know the pricing details.,"Hang on a moment, I'm connecting with our specialist to discuss the pricing details, discounts, and benefits of final expense insurance. Please stay on; I'll be back shortly.",Transfer Line
What's covered in this insurance?,"Please hold on, I'm getting our specialist to join us and explain the coverage, rates, and discounts of our final expense plan. I'll be back quickly, so don't hang up.",Transfer Line
Can you give me a cost estimate?,"Stay with me, I'm bringing in our specialist to provide a cost estimate, discounts, and benefits for final expense insurance. Please don't hang up; I'll be right back.",Transfer Line
How much are the rates?,"Just a moment, I'm fetching our specialist to go over the rates, discounts, and benefits of our final expense plan. Please hold on; I'll be back shortly.",Transfer Line
What's the policy's cost?,"Please stay on the line, I'm connecting with our specialist to discuss the policy costs, discounts, and benefits. I'll be right back, so don't hang up.",Transfer Line
Can you tell me about the plan options?,"Hang on, I'm getting our specialist to join the call and explain the plan options, rates, and discounts. Please stay on; I'll be back in a moment.",Transfer Line
I need more info on the rates.,"Please hold on, I'm bringing in our specialist to provide details on the rates, discounts, and benefits of final expense insurance. I'll be back quickly, so don't hang up.",Transfer Line
What's the price for this plan?,"Stay with me, I'm fetching our specialist to go over the plan's price, discounts, and benefits. Please don't hang up; I'll be right back shortly.",Transfer Line
Can you explain the pricing and benefits?,"Just a moment, I'm connecting with our specialist to discuss the pricing, benefits, and discounts of our final expense plan. Please hold on; I'll be back in a few seconds.",Transfer Line
I'm interested.,"Please stay on the line, I'm transferring you to our senior agent to discuss your options further. Don't hang up; I'll be right back with them shortly.",Transfer Line
This sounds good.,"Hold on a moment, I'm connecting you with our senior agent to go over everything in detail. Please stay on the line; it'll just be a second.",Transfer Line
I'd like to learn more.,"Please don't hang up, I'm transferring your call to our senior agent who can provide more details. I'll be right back in a moment.",Transfer Line
I'm interested in this.,"Stay with me, I'm getting our senior agent on the line to guide you further. Please hold on; I'll be back quickly.",Transfer Line
Tell me more about it.,"Just a moment, I'm transferring you to our senior agent to explain everything. Don't hang up; I'll connect you shortly.",Transfer Line
This sounds interesting.,"Please stay on the line, I'm bringing our senior agent on to discuss your options. Hold on; I'll be right back.",Transfer Line
I want to know more.,"Hold on, I'm connecting you with our senior agent for more information. Please don't hang up; I'll be back in a second.",Transfer Line
I'm curious about this.,"Please stay on, I'm transferring your call to our senior agent to go over the details. I'll be right back; just hold on.",Transfer Line
This plan sounds good.,"Just a sec, I'm getting our senior agent to join us and discuss further. Please stay on the line; I'll be back quickly.",Transfer Line
I'd like more details.,"Don't hang up, I'm transferring you to our senior agent who can provide all the details. Hold on; I'll connect you in a moment.",Transfer Line
I'm interested in the plan.,"Please hold on, I'm bringing our senior agent on to guide you further. Stay on the line; I'll be right back.",Transfer Line
This sounds worth exploring.,"Stay with me, I'm connecting you with our senior agent to talk more about this. Please don't hang up; I'll be back shortly.",Transfer Line
I want to hear more.,"Please stay on the line, I'm transferring you to our senior agent for a detailed discussion. Hold on; I'll be right back.",Transfer Line
I'm interested in learning more.,"Just a moment, I'm getting our senior agent to join the call and explain everything. Don't hang up; I'll connect you quickly.",Transfer Line
This seems like a good option.,"Hold on, I'm transferring your call to our senior agent to go over your options. Please stay on; I'll be back in a second.",Transfer Line
I'd like to know about the plan.,"Please don't hang up, I'm bringing our senior agent on to discuss the plan in detail. I'll be right back; just hold on.",Transfer Line
I'm interested in your offer.,"Stay on the line, I'm connecting you with our senior agent to provide more information. Please hold; I'll be back shortly.",Transfer Line
Can you tell me more?,"Just a sec, I'm transferring you to our senior agent who can explain everything further. Don't hang up; I'll be right back.",Transfer Line
This sounds appealing.,"Please stay on, I'm getting our senior agent to join us and go over the details. Hold on; I'll connect you in a moment.",Transfer Line
I'm interested in the coverage.,"Hold on a moment, I'm bringing our senior agent on to discuss the coverage further. Please stay on the line; I'll be back quickly.",Transfer Line
I want more info on this.,"Please don't hang up, I'm transferring your call to our senior agent for more details. I'll be right back; just stay on.",Transfer Line
This plan sounds interesting.,"Stay with me, I'm connecting you with our senior agent to talk about the plan. Please hold on; I'll be back in a second.",Transfer Line
I'd like to explore this further.,"Please stay on the line, I'm getting our senior agent to join and provide more information. Don't hang up; I'll be right back.",Transfer Line
I'm interested in the policy.,"Hold on, I'm transferring you to our senior agent to discuss the policy details. Please stay on; I'll connect you shortly.",Transfer Line
This sounds like something I want.,"Just a moment, I'm bringing our senior agent on to go over everything with you. Don't hang up; I'll be back quickly.",Transfer Line
I'd like more information.,"Please stay on, I'm connecting with our senior agent to provide all the details. Hold on; I'll be right back in a moment.",Transfer Line
I'm interested in what you offer.,"Stay on the line, I'm transferring your call to our senior agent for further guidance. Please don't hang up; I'll be back shortly.",Transfer Line
This sounds promising.,"Please hold on, I'm getting our senior agent to join us and discuss your options. I'll be right back; just stay on.",Transfer Line
I want to know about this plan.,"Just a sec, I'm connecting you with our senior agent to explain the plan in detail. Please stay on the line; I'll be back quickly.",Transfer Line
I'm interested in hearing more.,"Please don't hang up, I'm transferring you to our senior agent for a detailed discussion. Hold on; I'll be right back.",Transfer Line
This sounds like a good deal.,"Stay with me, I'm bringing our senior agent on to go over the details. Please stay on; I'll connect you in a moment.",Transfer Line
I'd like to know the details.,"Hold on a moment, I'm transferring your call to our senior agent to provide all the details. Don't hang up; I'll be back shortly.",Transfer Line
I'm interested in your plans.,"Please stay on the line, I'm getting our senior agent to join and discuss our plans further. I'll be right back; just hold on.",Transfer Line
This sounds worth looking into.,"Stay on, I'm connecting you with our senior agent to talk more about this. Please don't hang up; I'll be back in a second.",Transfer Line
I want to learn about the coverage.,"Please hold on, I'm transferring you to our senior agent to explain the coverage details. I'll be right back; stay on the line.",Transfer Line
I'm interested in the benefits.,"Just a moment, I'm bringing our senior agent on to discuss the benefits and details. Don't hang up; I'll connect you quickly.",Transfer Line
This plan seems good.,"Please stay on, I'm getting our senior agent to join us and go over the plan. Hold on; I'll be right back in a moment.",Transfer Line
I'd like to hear about the options.,"Hold on, I'm transferring your call to our senior agent to discuss your options. Please stay on the line; I'll be back shortly.",Transfer Line
I'm interested in the insurance.,"Please don't hang up, I'm connecting with our senior agent to provide more information on the insurance. I'll be right back; just hold on.",Transfer Line
This sounds like a good idea.,"Stay with me, I'm bringing our senior agent on to explain everything further. Please stay on; I'll be back quickly.",Transfer Line
I want more details on this.,"Please stay on the line, I'm transferring you to our senior agent for a detailed discussion. Don't hang up; I'll be right back.",Transfer Line
I'm interested in exploring this.,"Just a moment, I'm getting our senior agent to join and go over your options. Please hold on; I'll connect you shortly.",Transfer Line
This sounds like something I need.,"Hold on, I'm transferring your call to our senior agent to discuss this further. Please stay on the line; I'll be back in a second.",Transfer Line
I'd like to know more about it.,"Please stay on, I'm connecting with our senior agent to provide more details. Don't hang up; I'll be right back.",Transfer Line
I'm interested in the program.,"Stay on the line, I'm bringing our senior agent on to explain the program in detail. Please hold on; I'll be back shortly.",Transfer Line
This seems like a good plan.,"Please hold on, I'm transferring you to our senior agent to go over the plan details. I'll be right back; just stay on.",Transfer Line
I want to hear about this.,"Just a sec, I'm connecting you with our senior agent for a full discussion. Please don't hang up; I'll be back quickly.",Transfer Line
I'm interested in what you have.,"Please stay on the line, I'm getting our senior agent to join us and discuss what we offer. Hold on; I'll be right back.",Transfer Line
This sounds really good.,"Stay with me, I'm transferring your call to our senior agent to go over everything. Please stay on; I'll connect you in a moment.",Transfer Line

not inteested,"I understand, but could I quickly provide you with a no-cost quote for your consideration? It's a great way to see the benefits with no obligation.",Rebuttal
fuck off man,"I apologize if I've bothered you. Our goal is to offer valuable information and assistance. If you change your mind, we're here to help with a quick and no-cost quote.",Rebuttal
fuckk off,"I apologize if I've upset you. If you change your mind, we can provide a quick and no-cost quote to help you explore your options.",Rebuttal
who are you,"I am a sales agent from Senior Benefits, a division of US Life, offering final expense insurance. We provide coverage for funeral burial or cremation expenses. Would you like a quick, no-cost quote?",Concern
where did you get my numbr,"We obtain phone numbers from public records and databases to offer our services. If you're interested, we can provide a quick, no-cost quote to help you better understand the coverage we offer.",Concern
fuck off mann,I apologize if I caught you at a bad time. Would you be open to a no-cost quote to see how our Final Expense Whole Life Insurance Plan can benefit you?,Rebuttal
ok,Great! Just a few quick questions and we can provide you with a no-cost quote for our final expense whole life insurance plan. Let's get started!,Rebuttal
ok,Great! Let's address any concerns you may have and provide you with a personalized quote. Just a few more questions to get started.,Rebuttal
yes,Great! Let's address any concerns you may have and provide you with a personalized quote. Just a few more questions to get started.,Rebuttal
how are you today,"Sorry, I couldn't generate a response. Please try again.",Concern
what is this,"This is Senior Benefits, offering final expense whole life insurance to cover funeral expenses. I can connect you with a licensed agent for more details.",Transfer Line
